{"stats":{"minecraft:killed_by":{"minecraft:player":1},"minecraft:used":{"minecraft:stone_sword":4,"minecraft:shield":11,"minecraft:iron_sword":88,"minecraft:torch":30,"minecraft:dirt":23,"minecraft:smooth_basalt":3,"minecraft:furnace":1,"tombstone:gift":4,"minecraft:cooked_beef":4,"minecraft:potato":6,"minecraft:cooked_mutton":4,"minecraft:water_bucket":30,"minecraft:stone_pickaxe":140,"minecraft:wooden_pickaxe":3,"minecraft:cherry_planks":4,"minecraft:glow_berries":32,"minecraft:crafting_table":3,"minecraft:bread":13,"minecraft:iron_pickaxe":573,"minecraft:stone_axe":61,"minecraft:cobblestone":58,"minecraft:birch_log":6,"minecraft:bucket":30,"minecraft:yellow_bed":1,"alexsmobs:animal_dictionary":2},"minecraft:picked_up":{"minecraft:crafting_table":3,"minecraft:coarse_dirt":1,"minecraft:brown_mushroom":1,"minecraft:stripped_cherry_log":1,"minecraft:shield":1,"minecraft:amethyst_block":8,"minecraft:oak_trapdoor":3,"minecraft:string":2,"minecraft:raw_copper":27,"minecraft:blackstone":6,"minecraft:cobbled_deepslate":69,"minecraft:calcite":5,"minecraft:birch_sapling":1,"minecraft:furnace":1,"minecraft:stick":3,"minecraft:raw_iron":122,"minecraft:torch":17,"sophisticatedbackpacks:backpack":2,"minecraft:cherry_log":35,"minecraft:rotten_flesh":15,"minecraft:arrow":2,"alexscaves:spelunkery_table":1,"minecraft:cobblestone":646,"minecraft:birch_log":16,"minecraft:pink_petals":24,"minecraft:cooked_beef":1,"minecraft:glow_ink_sac":8,"minecraft:red_mushroom":9,"minecraft:potato":3,"minecraft:oak_log":1,"minecraft:gunpowder":3,"minecraft:lapis_lazuli":38,"minecraft:dirt":42,"minecraft:bone":2,"minecraft:wheat_seeds":1,"alexsmobs:cockroach_wing_fragment":1,"minecraft:raw_gold":20,"minecraft:iron_ingot":3,"artifacts:steadfast_spikes":1,"minecraft:moss_block":17,"minecraft:oak_planks":4,"minecraft:smooth_basalt":5,"minecraft:sweet_berries":4,"minecraft:spider_eye":1,"minecraft:slime_ball":1,"minecraft:diamond":17,"minecraft:cherry_sapling":2,"minecraft:bread":25,"minecraft:rooted_dirt":1,"alexsmobs:maggot":4,"minecraft:coal":84},"minecraft:mined":{"alexscaves:spelunkery_table":1,"create:deepslate_zinc_ore":1,"minecraft:tuff":3,"minecraft:deepslate_diamond_ore":11,"minecraft:cherry_log":33,"minecraft:stripped_cherry_log":1,"minecraft:glow_lichen":1,"minecraft:grass_block":11,"minecraft:brown_mushroom_block":5,"minecraft:moss_block":4,"minecraft:rooted_dirt":1,"minecraft:oak_trapdoor":3,"minecraft:furnace":1,"minecraft:iron_ore":95,"minecraft:cobbled_deepslate":1,"minecraft:fire":5,"minecraft:deepslate_lapis_ore":5,"minecraft:potatoes":1,"minecraft:cave_vines":4,"minecraft:deepslate_iron_ore":14,"minecraft:vine":4,"minecraft:stone":343,"minecraft:deepslate_redstone_ore":4,"minecraft:cherry_planks":1,"minecraft:blackstone":7,"minecraft:crafting_table":3,"minecraft:torch":1,"minecraft:calcite":6,"minecraft:dead_bush":1,"minecraft:mushroom_stem":7,"minecraft:tall_grass":3,"minecraft:copper_ore":5,"minecraft:cobblestone":2,"minecraft:lapis_ore":2,"minecraft:deepslate_gold_ore":20,"minecraft:wall_torch":5,"minecraft:amethyst_block":8,"minecraft:pink_petals":2,"minecraft:coarse_dirt":1,"minecraft:birch_log":16,"minecraft:sweet_berry_bush":2,"minecraft:birch_leaves":15,"minecraft:yellow_bed":1,"minecraft:grass":6,"minecraft:coal_ore":86,"minecraft:oak_log":1,"minecraft:cherry_leaves":8,"minecraft:dirt":14,"minecraft:smooth_basalt":13,"minecraft:red_mushroom_block":19,"minecraft:oak_leaves":3,"minecraft:deepslate":69,"minecraft:fern":2},"minecraft:dropped":{"minecraft:moss_block":10,"minecraft:diamond":4,"minecraft:cobblestone":1,"minecraft:stick":5,"minecraft:dirt":19,"minecraft:iron_pickaxe":1,"minecraft:pink_petals":3,"minecraft:smooth_basalt":1,"alexsmobs:maggot":3,"minecraft:oak_trapdoor":3,"minecraft:cobbled_deepslate":23,"minecraft:tuff":9,"minecraft:rotten_flesh":11,"minecraft:oak_planks":4,"sophisticatedbackpacks:backpack":1,"minecraft:calcite":5},"minecraft:custom":{"minecraft:interact_with_smithing_table":1,"minecraft:mob_kills":20,"minecraft:interact_with_crafting_table":10,"minecraft:open_barrel":39,"minecraft:leave_game":3,"minecraft:time_since_death":106869,"minecraft:climb_one_cm":16939,"minecraft:sprint_one_cm":322408,"minecraft:walk_one_cm":503777,"minecraft:damage_blocked_by_shield":713,"minecraft:drop":20,"minecraft:play_time":184831,"minecraft:deaths":5,"minecraft:sneak_time":255,"minecraft:walk_under_water_one_cm":42122,"minecraft:jump":2282,"minecraft:interact_with_blast_furnace":4,"minecraft:walk_on_water_one_cm":35399,"minecraft:total_world_time":184831,"minecraft:interact_with_furnace":18,"minecraft:interact_with_loom":4,"minecraft:sleep_in_bed":4,"minecraft:time_since_rest":30308,"minecraft:waystone_activated":1,"minecraft:damage_taken":2720,"minecraft:trigger_trapped_chest":5,"minecraft:damage_dealt":4680,"minecraft:fly_one_cm":305573,"minecraft:open_chest":30,"minecraft:crouch_one_cm":153,"tombstone:undead_killed":12,"minecraft:fall_one_cm":47117},"minecraft:broken":{"minecraft:stone_pickaxe":1,"minecraft:iron_pickaxe":2},"minecraft:killed":{"minecraft:spider":3,"minecraft:skeleton":1,"artifacts:mimic":1,"alexsmobs:cockroach":1,"minecraft:zombie":10,"alexsmobs:fly":2,"instrumentalmobs:drum_zombie":1},"minecraft:crafted":{"minecraft:cherry_planks":24,"minecraft:oak_planks":4,"minecraft:furnace":1,"minecraft:cooked_mutton":4,"minecraft:stone_pickaxe":1,"minecraft:cooked_beef":3,"minecraft:crafting_table":1,"minecraft:wooden_pickaxe":1,"minecraft:iron_helmet":1,"minecraft:iron_sword":2,"minecraft:stone_axe":1,"minecraft:air":0,"minecraft:diamond_pickaxe":1,"minecraft:stick":24,"minecraft:iron_ingot":10,"minecraft:iron_pickaxe":3,"minecraft:stone_sword":1,"minecraft:torch":28}},"DataVersion":3465}