{"stats":{"minecraft:used":{"minecraft:stone_sword":4,"minecraft:stone_pickaxe":140,"minecraft:wooden_pickaxe":3,"minecraft:shield":7,"minecraft:cherry_planks":4,"minecraft:iron_sword":41,"minecraft:torch":7,"minecraft:dirt":3,"minecraft:crafting_table":3,"minecraft:bread":6,"minecraft:iron_pickaxe":128,"minecraft:stone_axe":61,"minecraft:cobblestone":35,"minecraft:furnace":1,"minecraft:birch_log":6,"tombstone:gift":2,"alexsmobs:animal_dictionary":2,"minecraft:cooked_beef":4,"minecraft:cooked_mutton":4},"minecraft:picked_up":{"minecraft:birch_log":16,"minecraft:pink_petals":18,"minecraft:crafting_table":3,"minecraft:cooked_beef":1,"minecraft:glow_ink_sac":8,"minecraft:stripped_cherry_log":1,"minecraft:oak_log":1,"minecraft:shield":1,"minecraft:gunpowder":1,"minecraft:dirt":22,"minecraft:string":2,"minecraft:raw_copper":13,"minecraft:wheat_seeds":1,"minecraft:raw_gold":1,"minecraft:cobbled_deepslate":64,"alexsmobs:cockroach_wing_fragment":1,"minecraft:iron_ingot":3,"minecraft:moss_block":1,"minecraft:birch_sapling":1,"minecraft:furnace":1,"minecraft:stick":2,"minecraft:raw_iron":24,"minecraft:torch":8,"sophisticatedbackpacks:backpack":2,"minecraft:cherry_log":33,"minecraft:spider_eye":1,"minecraft:rotten_flesh":11,"minecraft:diamond":14,"minecraft:cherry_sapling":2,"minecraft:bread":18,"alexsmobs:maggot":3,"minecraft:coal":21,"minecraft:cobblestone":119},"minecraft:mined":{"minecraft:deepslate_redstone_ore":4,"create:deepslate_zinc_ore":1,"minecraft:tuff":3,"minecraft:cherry_planks":1,"minecraft:deepslate_diamond_ore":8,"minecraft:cherry_log":33,"minecraft:stripped_cherry_log":1,"minecraft:crafting_table":3,"minecraft:grass_block":8,"minecraft:tall_grass":2,"minecraft:copper_ore":4,"minecraft:deepslate_gold_ore":1,"minecraft:moss_block":1,"minecraft:pink_petals":2,"minecraft:furnace":1,"minecraft:birch_log":16,"minecraft:iron_ore":19,"minecraft:cobbled_deepslate":1,"minecraft:birch_leaves":15,"minecraft:grass":2,"minecraft:oak_log":1,"minecraft:coal_ore":25,"minecraft:deepslate_iron_ore":2,"minecraft:cherry_leaves":8,"minecraft:dirt":14,"minecraft:stone":133,"minecraft:oak_leaves":3,"minecraft:deepslate":63,"minecraft:fern":2},"minecraft:dropped":{"alexsmobs:maggot":2,"minecraft:diamond":4,"minecraft:rotten_flesh":11,"sophisticatedbackpacks:backpack":1,"minecraft:dirt":19},"minecraft:custom":{"minecraft:interact_with_smithing_table":1,"minecraft:interact_with_furnace":16,"minecraft:mob_kills":10,"minecraft:interact_with_crafting_table":10,"minecraft:open_barrel":3,"minecraft:leave_game":2,"minecraft:time_since_death":23823,"minecraft:sleep_in_bed":3,"minecraft:climb_one_cm":3589,"minecraft:time_since_rest":1680,"minecraft:waystone_activated":1,"minecraft:sprint_one_cm":172213,"minecraft:damage_taken":1911,"minecraft:walk_one_cm":208109,"minecraft:damage_blocked_by_shield":338,"minecraft:trigger_trapped_chest":3,"minecraft:drop":6,"minecraft:damage_dealt":2225,"minecraft:fly_one_cm":184633,"minecraft:open_chest":22,"minecraft:crouch_one_cm":15,"minecraft:play_time":76832,"tombstone:undead_killed":5,"minecraft:deaths":4,"minecraft:sneak_time":127,"minecraft:walk_under_water_one_cm":12865,"minecraft:jump":1154,"minecraft:interact_with_blast_furnace":1,"minecraft:walk_on_water_one_cm":2150,"minecraft:total_world_time":76832,"minecraft:fall_one_cm":25701},"minecraft:killed":{"minecraft:spider":2,"minecraft:zombie":5,"alexsmobs:cockroach":1,"alexsmobs:fly":2},"minecraft:broken":{"minecraft:stone_pickaxe":1},"minecraft:crafted":{"minecraft:cooked_beef":3,"minecraft:cherry_planks":16,"minecraft:oak_planks":4,"minecraft:crafting_table":1,"minecraft:wooden_pickaxe":1,"minecraft:iron_helmet":1,"minecraft:iron_sword":1,"minecraft:furnace":1,"minecraft:stone_axe":1,"minecraft:cooked_mutton":4,"minecraft:air":0,"minecraft:diamond_pickaxe":1,"minecraft:stick":16,"minecraft:iron_ingot":10,"minecraft:iron_pickaxe":2,"minecraft:stone_pickaxe":1,"minecraft:stone_sword":1,"minecraft:torch":12}},"DataVersion":3465}