{"stats":{"minecraft:killed_by":{"minecraft:player":1},"minecraft:used":{"minecraft:stone_sword":47,"minecraft:iron_shovel":106,"minecraft:chest":2,"minecraft:shield":34,"minecraft:stone":9,"minecraft:iron_sword":137,"minecraft:torch":56,"minecraft:dirt":47,"minecraft:diamond_helmet":1,"minecraft:iron_axe":11,"minecraft:rooted_dirt":4,"minecraft:cherry_trapdoor":6,"minecraft:smooth_basalt":3,"minecraft:furnace":3,"tombstone:gift":6,"minecraft:cooked_beef":4,"minecraft:potato":7,"minecraft:cobbled_deepslate":1,"minecraft:cooked_mutton":9,"alexsmobs:cooked_catfish":5,"minecraft:water_bucket":52,"minecraft:iron_ore":23,"minecraft:cobblestone_stairs":1,"minecraft:stone_pickaxe":219,"create:crimsite":10,"minecraft:wooden_pickaxe":3,"minecraft:cherry_planks":4,"minecraft:glow_berries":108,"minecraft:crafting_table":4,"minecraft:bread":18,"minecraft:iron_pickaxe":1453,"minecraft:stone_axe":61,"minecraft:cobblestone":86,"minecraft:bucket":52,"minecraft:birch_log":6,"minecraft:yellow_bed":1,"alexsmobs:animal_dictionary":2},"minecraft:picked_up":{"minecraft:coarse_dirt":28,"minecraft:crafting_table":4,"dungeonnowloading:wooden_wall_platform":2,"minecraft:splash_potion":1,"minecraft:chicken":2,"minecraft:ladder":1,"minecraft:brown_mushroom":4,"minecraft:stripped_cherry_log":1,"tombstone:grave_key":1,"minecraft:brewing_stand":1,"minecraft:shield":1,"minecraft:amethyst_block":8,"minecraft:string":4,"minecraft:oak_trapdoor":3,"minecraft:raw_copper":27,"create:limestone":7,"minecraft:blackstone":6,"minecraft:cobbled_deepslate":70,"minecraft:white_tulip":1,"minecraft:calcite":5,"dungeonnowloading:mossy_cobblestone_pebble":1,"minecraft:birch_sapling":1,"minecraft:cherry_trapdoor":2,"minecraft:egg":1,"minecraft:furnace":3,"minecraft:stick":3,"minecraft:raw_iron":158,"minecraft:stone":122,"minecraft:copper_ingot":1,"minecraft:torch":21,"minecraft:spruce_fence":1,"sophisticatedbackpacks:backpack":2,"minecraft:cherry_log":35,"tombstone:grave_dust":2,"minecraft:tnt":3,"minecraft:arrow":10,"minecraft:rotten_flesh":28,"alexscaves:spelunkery_table":1,"minecraft:glow_berries":3,"minecraft:mutton":5,"minecraft:skeleton_skull":1,"minecraft:white_wool":3,"minecraft:cobblestone":959,"minecraft:stripped_oak_log":2,"minecraft:birch_log":16,"minecraft:pink_petals":50,"minecraft:feather":4,"minecraft:cooked_beef":1,"minecraft:glow_ink_sac":11,"minecraft:andesite":64,"minecraft:red_mushroom":9,"minecraft:potato":6,"minecraft:oak_log":1,"minecraft:gunpowder":5,"minecraft:cobblestone_stairs":1,"minecraft:lapis_lazuli":60,"minecraft:dirt":67,"minecraft:bone":7,"minecraft:wheat_seeds":5,"alexsmobs:cockroach_wing_fragment":1,"minecraft:raw_gold":26,"minecraft:iron_ingot":5,"minecraft:iron_ore":23,"artifacts:steadfast_spikes":1,"minecraft:moss_block":60,"minecraft:oak_planks":7,"minecraft:smooth_basalt":5,"minecraft:sweet_berries":4,"minecraft:gravel":2,"minecraft:spider_eye":1,"minecraft:mossy_cobblestone":1,"alexsmobs:raw_catfish":5,"minecraft:coal_ore":1,"create:crimsite":24,"minecraft:slime_ball":1,"minecraft:diamond":18,"minecraft:cherry_sapling":2,"instrumentalmobs:french_horn":1,"minecraft:emerald":1,"minecraft:bread":33,"alexsmobs:maggot":4,"minecraft:rooted_dirt":5,"minecraft:coal":119},"minecraft:mined":{"dungeonnowloading:spikes":5,"alexscaves:spelunkery_table":1,"create:deepslate_zinc_ore":1,"minecraft:tuff":7,"minecraft:mossy_cobblestone":1,"minecraft:deepslate_diamond_ore":11,"minecraft:cherry_log":33,"minecraft:cobblestone_stairs":1,"minecraft:stripped_cherry_log":1,"minecraft:brewing_stand":1,"minecraft:cave_vines_plant":3,"minecraft:glow_lichen":1,"minecraft:cherry_trapdoor":2,"minecraft:ladder":1,"minecraft:grass_block":24,"minecraft:spruce_fence":1,"minecraft:brown_mushroom_block":5,"minecraft:moss_block":17,"minecraft:rooted_dirt":3,"minecraft:large_fern":1,"minecraft:oak_trapdoor":3,"minecraft:furnace":3,"minecraft:iron_ore":157,"minecraft:cobbled_deepslate":3,"minecraft:fire":5,"minecraft:andesite":84,"minecraft:deepslate_lapis_ore":7,"create:asurine":4,"dungeonnowloading:wooden_wall_rack":1,"minecraft:potatoes":2,"minecraft:cave_vines":13,"minecraft:deepslate_iron_ore":21,"minecraft:vine":7,"minecraft:stripped_oak_log":2,"minecraft:stone":1042,"minecraft:white_tulip":1,"create:limestone":7,"minecraft:deepslate_redstone_ore":4,"minecraft:brown_mushroom":3,"minecraft:cherry_planks":1,"minecraft:blackstone":7,"dungeonnowloading:mossy_cobblestone_pebbles":1,"minecraft:crafting_table":4,"minecraft:torch":1,"minecraft:emerald_ore":1,"minecraft:calcite":6,"minecraft:dead_bush":1,"minecraft:mushroom_stem":7,"minecraft:tall_grass":5,"minecraft:copper_ore":7,"minecraft:cobblestone":6,"minecraft:lapis_ore":4,"minecraft:deepslate_gold_ore":26,"minecraft:oak_planks":3,"minecraft:wall_torch":8,"minecraft:amethyst_block":8,"minecraft:skeleton_skull":1,"minecraft:pink_petals":8,"minecraft:coarse_dirt":6,"minecraft:mud":1,"minecraft:birch_log":16,"minecraft:sweet_berry_bush":2,"minecraft:birch_leaves":15,"minecraft:tnt":3,"minecraft:yellow_bed":1,"minecraft:grass":19,"minecraft:oak_log":1,"minecraft:coal_ore":106,"dungeonnowloading:wooden_wall_platform":1,"minecraft:cherry_leaves":8,"minecraft:gravel":1,"minecraft:dirt":114,"minecraft:cobweb":2,"minecraft:smooth_basalt":13,"minecraft:red_mushroom_block":19,"create:crimsite":25,"minecraft:oak_leaves":3,"minecraft:deepslate":79,"minecraft:fern":3},"minecraft:dropped":{"minecraft:moss_block":10,"minecraft:mossy_cobblestone":1,"minecraft:diamond":4,"minecraft:feather":2,"minecraft:cobblestone":16,"create:crimsite":14,"minecraft:stick":5,"minecraft:dirt":20,"tombstone:grave_key":1,"minecraft:iron_pickaxe":1,"dungeonnowloading:wooden_wall_platform":1,"minecraft:pink_petals":27,"minecraft:gravel":2,"minecraft:smooth_basalt":1,"minecraft:white_tulip":1,"alexsmobs:maggot":3,"minecraft:oak_trapdoor":3,"minecraft:cobbled_deepslate":23,"minecraft:tuff":9,"minecraft:rotten_flesh":19,"minecraft:oak_planks":11,"sophisticatedbackpacks:backpack":1,"minecraft:spruce_fence":1,"minecraft:stone":64,"minecraft:coal_ore":1,"create:limestone":7,"minecraft:calcite":5},"minecraft:custom":{"minecraft:interact_with_smithing_table":2,"minecraft:mob_kills":44,"minecraft:interact_with_crafting_table":37,"minecraft:open_barrel":59,"minecraft:leave_game":5,"minecraft:time_since_death":89504,"minecraft:climb_one_cm":25035,"minecraft:sprint_one_cm":612998,"minecraft:walk_one_cm":835286,"minecraft:damage_blocked_by_shield":2213,"minecraft:drop":40,"minecraft:play_time":322333,"minecraft:sneak_time":2454,"minecraft:deaths":6,"minecraft:walk_under_water_one_cm":73391,"minecraft:jump":3887,"minecraft:interact_with_blast_furnace":44,"minecraft:walk_on_water_one_cm":77674,"minecraft:total_world_time":322333,"minecraft:interact_with_furnace":30,"minecraft:interact_with_cartography_table":1,"minecraft:interact_with_loom":7,"minecraft:sleep_in_bed":7,"minecraft:time_since_rest":89146,"minecraft:waystone_activated":1,"minecraft:damage_taken":4129,"minecraft:trigger_trapped_chest":8,"minecraft:damage_dealt":8177,"minecraft:swim_one_cm":5286,"minecraft:fly_one_cm":545117,"minecraft:open_chest":78,"minecraft:crouch_one_cm":3060,"tombstone:undead_killed":24,"minecraft:interact_with_smoker":2,"minecraft:fall_one_cm":81934,"minecraft:horse_one_cm":18728},"minecraft:broken":{"minecraft:stone_pickaxe":1,"minecraft:iron_pickaxe":3},"minecraft:killed":{"alexsmobs:hummingbird":1,"minecraft:spider":4,"minecraft:skeleton":5,"minecraft:chicken":2,"minecraft:drowned":1,"artifacts:mimic":1,"minecraft:sheep":3,"alexsmobs:catfish":4,"minecraft:zombie":17,"alexsmobs:cockroach":1,"alexsmobs:fly":2,"instrumentalmobs:drum_zombie":1},"minecraft:crafted":{"minecraft:cherry_planks":168,"minecraft:oak_planks":12,"minecraft:cobblestone_slab":138,"minecraft:furnace":2,"minecraft:cobblestone_stairs":60,"minecraft:cooked_mutton":9,"minecraft:cherry_trapdoor":4,"minecraft:stone_pickaxe":2,"minecraft:chest":2,"alexsmobs:cooked_catfish":5,"minecraft:cooked_beef":3,"minecraft:coal_block":10,"minecraft:crafting_table":2,"minecraft:wooden_pickaxe":1,"minecraft:iron_helmet":1,"minecraft:iron_sword":2,"minecraft:gold_block":8,"minecraft:stone_axe":1,"minecraft:air":0,"minecraft:diamond_pickaxe":1,"minecraft:stick":28,"minecraft:iron_ingot":137,"minecraft:iron_pickaxe":3,"minecraft:iron_block":16,"minecraft:stone_sword":1,"minecraft:gold_ingot":64,"minecraft:torch":36,"minecraft:lapis_block":4}},"DataVersion":3465}