{"stats":{"minecraft:used":{"minecraft:birch_planks":19,"minecraft:iron_pickaxe":31,"minecraft:rotten_flesh":2,"alexsmobs:animal_dictionary":1,"tombstone:gift":4},"minecraft:picked_up":{"minecraft:birch_log":5,"minecraft:pink_petals":4,"minecraft:stick":1,"minecraft:leather":4,"minecraft:acacia_log":1,"minecraft:oak_log":1,"minecraft:rotten_flesh":2,"minecraft:wheat_seeds":1,"minecraft:beef":7,"minecraft:gray_wool":1,"minecraft:iron_pickaxe":1,"minecraft:mutton":5,"minecraft:white_wool":2},"minecraft:mined":{"minecraft:pink_petals":1,"minecraft:acacia_leaves":3,"minecraft:birch_log":5,"minecraft:birch_leaves":6,"minecraft:grass":12,"minecraft:acacia_log":1,"minecraft:oak_log":1,"minecraft:tall_grass":1,"minecraft:oak_leaves":2},"minecraft:dropped":{"minecraft:pink_petals":4},"minecraft:custom":{"minecraft:time_since_rest":8324,"minecraft:waystone_activated":1,"minecraft:sprint_one_cm":59610,"minecraft:damage_taken":1060,"minecraft:walk_one_cm":27544,"minecraft:trigger_trapped_chest":1,"minecraft:mob_kills":8,"minecraft:drop":1,"minecraft:damage_dealt":711,"minecraft:swim_one_cm":8261,"minecraft:fly_one_cm":104355,"minecraft:open_chest":8,"minecraft:crouch_one_cm":794,"minecraft:play_time":29426,"tombstone:undead_killed":1,"minecraft:deaths":4,"minecraft:sneak_time":340,"minecraft:walk_under_water_one_cm":879,"minecraft:jump":484,"minecraft:leave_game":2,"minecraft:walk_on_water_one_cm":3488,"minecraft:time_since_death":10723,"minecraft:climb_one_cm":360,"minecraft:total_world_time":29426,"minecraft:fall_one_cm":16224},"minecraft:killed":{"minecraft:sheep":3,"minecraft:zombie":1,"minecraft:cow":4},"minecraft:crafted":{"minecraft:oak_planks":4,"minecraft:acacia_planks":4,"minecraft:birch_planks":20}},"DataVersion":3465}