{"stats":{"minecraft:used":{"minecraft:armor_stand":5,"minecraft:shield":1,"minecraft:iron_sword":195,"minecraft:torch":82,"minecraft:dirt":26,"minecraft:barrel":3,"minecraft:stone_bricks":6,"minecraft:furnace":3,"tombstone:gift":2,"minecraft:cooked_beef":10,"minecraft:water_bucket":3,"minecraft:stone_pickaxe":52,"minecraft:oak_planks":3,"minecraft:wooden_pickaxe":3,"minecraft:cherry_planks":34,"minecraft:crafting_table":7,"minecraft:diamond_pickaxe":467,"alexscaves:slam":1,"minecraft:bread":99,"minecraft:iron_pickaxe":687,"minecraft:golden_leggings":1,"minecraft:golden_helmet":1,"minecraft:stone_axe":93,"minecraft:cobblestone":33,"minecraft:bucket":3,"alexsmobs:animal_dictionary":1,"minecraft:golden_pickaxe":84,"alexscaves:radrock":47,"minecraft:experience_bottle":1},"minecraft:picked_up":{"minecraft:crafting_table":5,"minecraft:mud":4,"minecraft:shelter_pottery_sherd":1,"minecraft:iron_chestplate":4,"alexscaves:waste_drum":4,"minecraft:azure_bluet":1,"alexscaves:unrefined_waste":1,"minecraft:stone_brick_stairs":1,"minecraft:brick":6,"minecraft:string":28,"minecraft:moss_carpet":2,"minecraft:raw_copper":12,"minecraft:iron_leggings":4,"minecraft:armor_stand":8,"minecraft:experience_bottle":1,"minecraft:zombie_head":2,"minecraft:cobbled_deepslate":1,"minecraft:beef":10,"minecraft:white_tulip":1,"minecraft:birch_sapling":3,"minecraft:spruce_trapdoor":2,"minecraft:iron_boots":4,"minecraft:furnace":2,"alexscaves:radrock_bricks":1,"minecraft:golden_helmet":3,"minecraft:stick":13,"minecraft:raw_iron":63,"alexscaves:geothermal_vent":1,"minecraft:oak_fence":1,"minecraft:torch":2,"alexscaves:radrock_slab":1,"minecraft:porkchop":9,"minecraft:cherry_log":20,"tombstone:grave_dust":3,"minecraft:tnt":1,"instrumentalmobs:trumpet":2,"minecraft:rotten_flesh":11,"minecraft:arrow":7,"minecraft:hay_block":73,"minecraft:cobblestone":571,"minecraft:pink_petals":48,"minecraft:cherry_planks":6,"minecraft:glow_ink_sac":9,"minecraft:leather":7,"minecraft:golden_leggings":3,"minecraft:tuff":6,"create:raw_zinc":1,"minecraft:gunpowder":1,"alexscaves:charred_remnant":1,"minecraft:dirt":31,"minecraft:lantern":5,"minecraft:bone":9,"minecraft:stone_bricks":6,"minecraft:bow":6,"alexscaves:toxic_paste":5,"minecraft:wheat_seeds":1,"minecraft:iron_ingot":5,"alexscaves:radrock":166,"minecraft:stone_pickaxe":1,"minecraft:iron_sword":1,"alexscaves:polymer_plate":3,"minecraft:oak_planks":4,"minecraft:book":141,"alexscaves:uranium":25,"sophisticatedbackpacks:iron_backpack":1,"minecraft:bundle":1,"create:crimsite":10,"minecraft:iron_helmet":4,"minecraft:cherry_sapling":8,"minecraft:spruce_sign":2,"minecraft:emerald":3,"minecraft:coal":91},"minecraft:mined":{"create:zinc_ore":1,"minecraft:tuff":4,"alexscaves:radrock":155,"alexscaves:geothermal_vent_medium":1,"minecraft:cherry_log":21,"minecraft:spruce_trapdoor":2,"alexscaves:geothermal_vent":1,"minecraft:grass_block":6,"minecraft:decorated_pot":1,"minecraft:moss_block":18,"minecraft:hay_block":73,"alexscaves:radrock_uranium_ore":25,"minecraft:furnace":2,"minecraft:iron_ore":59,"minecraft:cobbled_deepslate":1,"minecraft:fire":2,"minecraft:andesite":2,"minecraft:moss_carpet":2,"minecraft:peony":1,"alexscaves:radrock_slab":1,"minecraft:bookshelf":46,"minecraft:deepslate_iron_ore":3,"minecraft:vine":1,"alexscaves:underweed":2,"minecraft:stone":901,"minecraft:white_tulip":1,"minecraft:cherry_planks":1,"minecraft:blackstone":1,"minecraft:oak_fence":1,"minecraft:crafting_table":4,"alexscaves:radrock_bricks":1,"minecraft:emerald_ore":2,"minecraft:spruce_wall_sign":2,"minecraft:copper_ore":6,"minecraft:oak_planks":3,"minecraft:wall_torch":1,"minecraft:pink_petals":23,"minecraft:coarse_dirt":2,"minecraft:mud":7,"alexscaves:waste_drum":2,"minecraft:tnt":1,"minecraft:stone_brick_stairs":1,"minecraft:grass":7,"minecraft:coal_ore":68,"alexscaves:geothermal_vent_thin":2,"minecraft:cherry_leaves":1,"minecraft:zombie_head":1,"minecraft:dirt":7,"minecraft:cobweb":28,"alexscaves:unrefined_waste":1,"minecraft:stone_bricks":6,"create:crimsite":10},"minecraft:dropped":{"minecraft:iron_ingot":6,"minecraft:bread":45,"minecraft:cooked_beef":1,"minecraft:oak_fence":1,"minecraft:iron_helmet":2,"minecraft:leather":1,"minecraft:stick":9,"minecraft:dirt":4,"minecraft:zombie_head":1,"alexscaves:toxic_paste":1,"minecraft:iron_leggings":1,"minecraft:pink_petals":48,"minecraft:bone":2,"alexscaves:waste_drum":1,"minecraft:raw_copper":12,"minecraft:birch_sapling":3,"minecraft:cherry_sapling":8,"minecraft:rotten_flesh":6,"minecraft:oak_planks":1,"minecraft:iron_boots":2,"alexscaves:geothermal_vent":1,"minecraft:azure_bluet":1,"minecraft:gunpowder":1,"minecraft:iron_chestplate":2,"minecraft:golden_leggings":2,"minecraft:glass":1,"minecraft:stone_pickaxe":1,"alexscaves:charred_remnant":1,"exposure:aged_photograph":1,"minecraft:brick":3},"minecraft:custom":{"minecraft:mob_kills":37,"minecraft:interact_with_crafting_table":22,"minecraft:open_barrel":70,"minecraft:leave_game":5,"minecraft:time_since_death":119673,"minecraft:climb_one_cm":8772,"minecraft:sprint_one_cm":697019,"minecraft:walk_one_cm":385559,"minecraft:damage_blocked_by_shield":60,"minecraft:drop":68,"minecraft:play_time":254813,"minecraft:sneak_time":34070,"minecraft:deaths":1,"minecraft:walk_under_water_one_cm":25407,"minecraft:boat_one_cm":95201,"minecraft:jump":3646,"minecraft:interact_with_blast_furnace":4,"minecraft:walk_on_water_one_cm":43307,"minecraft:total_world_time":254813,"minecraft:interact_with_furnace":57,"minecraft:interact_with_cartography_table":1,"minecraft:time_since_rest":118678,"minecraft:waystone_activated":2,"minecraft:damage_taken":4516,"minecraft:trigger_trapped_chest":2,"minecraft:damage_dealt":6233,"minecraft:player_kills":1,"minecraft:swim_one_cm":112609,"minecraft:fly_one_cm":680034,"minecraft:open_chest":37,"minecraft:crouch_one_cm":79996,"tombstone:undead_killed":17,"minecraft:interact_with_smoker":1,"minecraft:fall_one_cm":88645},"minecraft:broken":{"minecraft:iron_pickaxe":2,"minecraft:golden_pickaxe":2},"minecraft:killed":{"alexscaves:brainiac":1,"minecraft:spider":3,"minecraft:skeleton":6,"minecraft:drowned":1,"minecraft:pig":3,"alexscaves:gammaroach":2,"instrumentalmobs:trumpet_skeleton":1,"minecraft:zombie":8,"minecraft:cow":6,"minecraft:enderman":1},"minecraft:crafted":{"minecraft:cherry_planks":80,"minecraft:furnace":1,"minecraft:glass":1,"minecraft:stone_pickaxe":1,"minecraft:wheat":504,"minecraft:cooked_beef":11,"minecraft:crafting_table":3,"minecraft:wooden_pickaxe":1,"minecraft:iron_sword":2,"minecraft:bucket":1,"minecraft:stone_axe":1,"minecraft:bread":168,"minecraft:air":0,"minecraft:iron_chestplate":1,"minecraft:shield":1,"minecraft:stick":32,"minecraft:iron_ingot":14,"minecraft:iron_pickaxe":3,"minecraft:iron_leggings":1,"minecraft:torch":92}},"DataVersion":3465}