{"stats":{"minecraft:used":{"minecraft:iron_shovel":228,"minecraft:flint_and_steel":7,"minecraft:armor_stand":6,"minecraft:decorated_pot":2,"minecraft:shield":30,"minecraft:iron_sword":234,"minecraft:torch":159,"minecraft:dirt":192,"minecraft:anvil":2,"minecraft:iron_axe":40,"minecraft:barrel":3,"minecraft:stone_bricks":6,"minecraft:bow":19,"minecraft:furnace":3,"tombstone:gift":4,"minecraft:cooked_beef":10,"minecraft:water_bucket":3,"minecraft:stone_pickaxe":52,"minecraft:oak_planks":3,"minecraft:wooden_pickaxe":3,"minecraft:cherry_planks":34,"minecraft:mossy_cobblestone":3,"minecraft:crafting_table":7,"minecraft:diamond_pickaxe":467,"alexscaves:slam":1,"minecraft:bread":130,"minecraft:iron_pickaxe":760,"minecraft:golden_leggings":1,"minecraft:golden_helmet":1,"minecraft:stone_axe":93,"minecraft:cobblestone":106,"minecraft:potion":1,"minecraft:bucket":4,"alexsmobs:animal_dictionary":1,"minecraft:golden_pickaxe":84,"alexscaves:radrock":47,"minecraft:experience_bottle":1},"minecraft:picked_up":{"minecraft:crafting_table":5,"minecraft:mud":4,"minecraft:shelter_pottery_sherd":1,"minecraft:iron_chestplate":5,"alexscaves:waste_drum":4,"minecraft:azure_bluet":1,"minecraft:anvil":3,"minecraft:lead":1,"dungeonnowloading:cobblestone_pebble":1,"alexscaves:unrefined_waste":1,"minecraft:stone_brick_stairs":3,"minecraft:brick":6,"minecraft:string":28,"minecraft:moss_carpet":2,"minecraft:raw_copper":12,"minecraft:iron_leggings":5,"minecraft:armor_stand":10,"minecraft:experience_bottle":1,"minecraft:zombie_head":2,"dungeonnowloading:spawner_fragment":5,"minecraft:cobbled_deepslate":2,"minecraft:smooth_stone":2,"minecraft:beef":10,"minecraft:white_tulip":1,"minecraft:birch_sapling":3,"minecraft:spruce_trapdoor":2,"minecraft:iron_boots":5,"minecraft:furnace":2,"alexscaves:radrock_bricks":1,"minecraft:golden_helmet":3,"minecraft:stick":31,"minecraft:raw_iron":63,"alexscaves:geothermal_vent":1,"minecraft:oak_fence":1,"minecraft:torch":9,"alexscaves:radrock_slab":1,"minecraft:porkchop":9,"minecraft:golden_axe":1,"minecraft:cherry_log":37,"tombstone:grave_dust":5,"minecraft:tnt":1,"instrumentalmobs:trumpet":2,"minecraft:arrow":11,"minecraft:rotten_flesh":13,"minecraft:decorated_pot":2,"minecraft:music_disc_ward":1,"minecraft:hay_block":73,"create:asurine":28,"minecraft:pink_tulip":1,"minecraft:cobblestone":589,"minecraft:pink_petals":82,"minecraft:cherry_planks":21,"minecraft:glow_ink_sac":9,"minecraft:leather":7,"minecraft:golden_leggings":3,"minecraft:tuff":6,"create:raw_zinc":1,"minecraft:gunpowder":3,"alexscaves:charred_remnant":1,"minecraft:dirt":273,"minecraft:lantern":5,"minecraft:bone":9,"minecraft:stone_bricks":6,"minecraft:bow":6,"minecraft:wheat_seeds":6,"alexscaves:toxic_paste":5,"minecraft:iron_ingot":9,"alexscaves:radrock":166,"minecraft:stone_pickaxe":1,"minecraft:iron_sword":1,"alexscaves:polymer_plate":3,"minecraft:oak_planks":11,"minecraft:book":141,"alexscaves:uranium":25,"minecraft:small_amethyst_bud":5,"sophisticatedbackpacks:iron_backpack":1,"dungeonnowloading:wooden_wall_rack":1,"minecraft:spider_eye":1,"minecraft:mossy_cobblestone":3,"minecraft:bundle":1,"create:crimsite":10,"minecraft:diamond":7,"minecraft:gray_banner":1,"minecraft:iron_helmet":4,"minecraft:crossbow":1,"minecraft:cherry_sapling":20,"minecraft:spruce_sign":2,"minecraft:emerald":3,"tombstone:magic_scroll":1,"minecraft:damaged_anvil":3,"minecraft:coal":91,"minecraft:diamond_pickaxe":1},"minecraft:mined":{"create:zinc_ore":1,"minecraft:diamond_ore":6,"minecraft:tuff":4,"minecraft:mossy_cobblestone":3,"alexscaves:radrock":155,"alexscaves:geothermal_vent_medium":1,"minecraft:cherry_log":38,"minecraft:cave_vines_plant":1,"minecraft:spruce_trapdoor":2,"alexscaves:geothermal_vent":1,"minecraft:grass_block":144,"minecraft:decorated_pot":4,"minecraft:moss_block":18,"minecraft:hay_block":73,"alexscaves:radrock_uranium_ore":25,"minecraft:furnace":2,"minecraft:iron_ore":59,"minecraft:cobbled_deepslate":1,"minecraft:fire":4,"minecraft:andesite":2,"minecraft:gray_wall_banner":1,"minecraft:moss_carpet":2,"minecraft:anvil":3,"minecraft:peony":1,"alexscaves:radrock_slab":1,"create:asurine":27,"minecraft:bookshelf":46,"minecraft:vine":1,"minecraft:deepslate_iron_ore":3,"alexscaves:underweed":2,"minecraft:white_tulip":1,"minecraft:stone":909,"minecraft:cherry_planks":16,"minecraft:blackstone":1,"minecraft:oak_fence":1,"minecraft:crafting_table":4,"minecraft:torch":5,"alexscaves:radrock_bricks":1,"minecraft:emerald_ore":2,"minecraft:calcite":3,"minecraft:tall_grass":3,"minecraft:copper_ore":6,"minecraft:spruce_wall_sign":2,"minecraft:cobblestone":15,"minecraft:oak_planks":3,"minecraft:damaged_anvil":3,"minecraft:wall_torch":1,"minecraft:pink_petals":32,"minecraft:coarse_dirt":2,"minecraft:mud":7,"alexscaves:waste_drum":2,"minecraft:tnt":1,"minecraft:stone_brick_stairs":1,"minecraft:grass":21,"minecraft:coal_ore":68,"alexscaves:geothermal_vent_thin":2,"minecraft:cherry_leaves":10,"minecraft:zombie_head":1,"minecraft:dirt":112,"minecraft:cobweb":29,"alexscaves:unrefined_waste":1,"minecraft:stone_bricks":6,"minecraft:oak_leaves":1,"create:crimsite":10,"dungeonnowloading:iron_ingot_pile":1,"dungeonnowloading:spikes":4},"minecraft:dropped":{"minecraft:iron_ingot":6,"minecraft:bread":53,"minecraft:cooked_beef":1,"minecraft:glass_bottle":1,"minecraft:golden_axe":1,"minecraft:oak_fence":1,"minecraft:iron_helmet":2,"minecraft:leather":1,"minecraft:stick":19,"minecraft:dirt":4,"minecraft:zombie_head":1,"minecraft:iron_leggings":1,"alexscaves:toxic_paste":1,"minecraft:mud":4,"minecraft:iron_pickaxe":1,"minecraft:smooth_stone":2,"minecraft:chainmail_leggings":1,"alexscaves:radrock_bricks":1,"minecraft:pink_petals":48,"minecraft:pink_tulip":1,"minecraft:bone":2,"minecraft:armor_stand":1,"minecraft:moss_carpet":2,"alexscaves:waste_drum":1,"minecraft:raw_copper":12,"dungeonnowloading:wooden_wall_rack":1,"minecraft:tuff":6,"minecraft:birch_sapling":3,"minecraft:cherry_sapling":13,"minecraft:rotten_flesh":6,"minecraft:oak_planks":1,"minecraft:iron_boots":2,"alexscaves:geothermal_vent":1,"minecraft:azure_bluet":1,"minecraft:gunpowder":2,"minecraft:iron_chestplate":2,"minecraft:golden_leggings":2,"minecraft:stone_pickaxe":1,"minecraft:glass":1,"alexscaves:charred_remnant":1,"minecraft:stone_brick_stairs":3,"exposure:aged_photograph":1,"minecraft:brick":3},"minecraft:custom":{"minecraft:mob_kills":44,"minecraft:interact_with_crafting_table":25,"minecraft:open_barrel":155,"minecraft:leave_game":6,"minecraft:time_since_death":25249,"minecraft:climb_one_cm":8868,"minecraft:sprint_one_cm":922105,"minecraft:walk_one_cm":526703,"minecraft:damage_blocked_by_shield":2415,"minecraft:drop":94,"minecraft:play_time":316271,"minecraft:sneak_time":36708,"minecraft:deaths":2,"minecraft:walk_under_water_one_cm":31787,"minecraft:boat_one_cm":95201,"minecraft:interact_with_brewingstand":5,"minecraft:jump":4758,"minecraft:interact_with_blast_furnace":7,"minecraft:walk_on_water_one_cm":52054,"minecraft:total_world_time":316271,"minecraft:interact_with_furnace":58,"minecraft:interact_with_cartography_table":1,"minecraft:sleep_in_bed":2,"minecraft:time_since_rest":8611,"minecraft:waystone_activated":2,"minecraft:damage_taken":5933,"minecraft:trigger_trapped_chest":4,"minecraft:damage_dealt":7277,"minecraft:player_kills":1,"minecraft:swim_one_cm":125014,"minecraft:fly_one_cm":949308,"minecraft:open_chest":51,"minecraft:crouch_one_cm":88118,"tombstone:undead_killed":19,"minecraft:interact_with_smoker":1,"minecraft:fall_one_cm":111034},"minecraft:broken":{"minecraft:shield":1,"minecraft:iron_pickaxe":2,"minecraft:golden_pickaxe":2},"minecraft:killed":{"dungeonnowloading:spawner_carrier":1,"instrumentalmobs:french_horn_creeper":1,"alexscaves:brainiac":1,"minecraft:spider":6,"minecraft:skeleton":7,"minecraft:drowned":1,"minecraft:pig":3,"alexscaves:gammaroach":2,"instrumentalmobs:trumpet_skeleton":1,"minecraft:zombie":9,"minecraft:cow":6,"minecraft:enderman":1},"minecraft:crafted":{"minecraft:cherry_planks":80,"minecraft:furnace":1,"minecraft:glass":1,"minecraft:iron_boots":1,"minecraft:iron_axe":1,"minecraft:stone_pickaxe":1,"minecraft:wheat":504,"minecraft:cooked_beef":11,"minecraft:crafting_table":3,"minecraft:wooden_pickaxe":1,"minecraft:iron_sword":2,"minecraft:bucket":1,"minecraft:stone_axe":1,"minecraft:bread":168,"minecraft:air":0,"minecraft:iron_chestplate":1,"minecraft:shield":2,"minecraft:stick":44,"minecraft:iron_ingot":68,"minecraft:iron_pickaxe":3,"minecraft:iron_shovel":1,"minecraft:iron_leggings":1,"minecraft:torch":140}},"DataVersion":3465}