{"stats":{"minecraft:killed":{"minecraft:spider":14,"minecraft:skeleton":18,"alexscaves:radgill":7,"trials:bogged":2,"artifacts:mimic":2,"minecraft:pig":10,"alexscaves:gammaroach":8,"minecraft:creeper":5,"minecraft:sheep":12,"minecraft:zombie":42,"minecraft:cow":8,"alexscaves:brainiac":15,"alexsmobs:tiger":1,"alexscaves:nucleeper":4,"minecraft:phantom":2},"minecraft:mined":{"minecraft:white_bed":1,"minecraft:cherry_log":69,"minecraft:brewing_stand":1,"minecraft:grass_block":294,"alexscaves:sulfur":18,"minecraft:coal_block":5,"minecraft:lime_stained_glass":1,"minecraft:orange_concrete":6,"minecraft:barrel":1,"minecraft:fire":2,"minecraft:iron_ore":61,"minecraft:cobbled_deepslate":11,"minecraft:green_stained_glass":1,"minecraft:dirt_path":1,"minecraft:iron_bars":4,"alexscaves:underweed":2,"alexscaves:sulfur_bud_large":1,"minecraft:deepslate_redstone_ore":3,"minecraft:blackstone":3,"minecraft:clay":1,"minecraft:torch":13,"minecraft:blast_furnace":2,"minecraft:calcite":2,"minecraft:chest":1,"alexscaves:sulfur_bud_small":1,"minecraft:wall_torch":4,"minecraft:pink_petals":10,"minecraft:tnt":2,"minecraft:stone_brick_stairs":3,"minecraft:grass":9,"minecraft:oak_log":1,"alexscaves:cinder_block":1,"minecraft:sand":7,"minecraft:dirt":145,"alexscaves:radon_lamp_green":1,"minecraft:smooth_basalt":4,"alexscaves:unrefined_waste":7,"minecraft:deepslate":70,"minecraft:emerald_block":8,"alexscaves:spelunkery_table":1,"minecraft:tuff":6,"alexscaves:acidic_radrock":1,"minecraft:mossy_cobblestone":4,"minecraft:deepslate_diamond_ore":54,"alexscaves:radrock":94,"trials:tuff_bricks":1,"alexscaves:sulfur_cluster":5,"minecraft:white_stained_glass":2,"minecraft:hay_block":10,"alexscaves:radrock_uranium_ore":15,"minecraft:furnace":15,"minecraft:andesite":18,"minecraft:gold_block":1,"minecraft:bookshelf":3,"minecraft:potatoes":5,"minecraft:deepslate_iron_ore":58,"minecraft:stone":91,"minecraft:oak_slab":1,"minecraft:cherry_planks":12,"minecraft:stone_brick_slab":1,"minecraft:spruce_door":1,"minecraft:oak_fence":1,"minecraft:crafting_table":11,"minecraft:tall_grass":3,"minecraft:deepslate_gold_ore":25,"minecraft:spruce_log":9,"alexscaves:rusty_barrel":5,"alexscaves:waste_drum":5,"trials:polished_tuff":1,"minecraft:yellow_bed":1,"minecraft:coal_ore":45,"minecraft:cherry_leaves":6,"minecraft:dripstone_block":1,"minecraft:cobweb":18,"minecraft:stone_bricks":4,"minecraft:gold_ore":3,"minecraft:mossy_stone_bricks":1},"minecraft:used":{"minecraft:chest":5,"minecraft:shield":1,"minecraft:rotten_flesh":4,"alexscaves:acid_bucket":1,"minecraft:lava_bucket":3,"minecraft:furnace":16,"minecraft:potato":7,"minecraft:spruce_door":1,"minecraft:stone_pickaxe":60,"minecraft:wooden_pickaxe":3,"minecraft:diamond_axe":112,"alexscaves:cave_book":3,"minecraft:blast_furnace":2,"minecraft:dripstone_block":1,"waystones:waystone":1,"minecraft:diamond_sword":260,"minecraft:andesite":1,"minecraft:bone_meal":12,"minecraft:golden_pickaxe":32,"minecraft:cherry_boat":4,"minecraft:iron_bars":4,"minecraft:stone_sword":72,"minecraft:orange_concrete":4,"minecraft:spruce_planks":6,"minecraft:cooked_salmon":2,"minecraft:torch":74,"minecraft:dirt":125,"alexscaves:waste_drum":2,"minecraft:iron_hoe":12,"alexscaves:rusty_barrel":2,"alexscaves:cinder_block":2,"alexscaves:nuclear_furnace_component":8,"tombstone:gift":2,"minecraft:cooked_beef":132,"minecraft:cobbled_deepslate":63,"minecraft:cherry_log":4,"minecraft:cooked_mutton":16,"minecraft:water_bucket":11,"minecraft:baked_potato":10,"minecraft:cherry_planks":40,"minecraft:oak_slab":1,"minecraft:crafting_table":18,"minecraft:white_bed":2,"minecraft:smoker":1,"minecraft:diamond_shovel":446,"alexscaves:radgill_bucket":3,"minecraft:iron_pickaxe":604,"alexscaves:spelunkie":5,"minecraft:cobblestone":6,"minecraft:cooked_porkchop":21,"minecraft:bucket":23,"alexscaves:radrock":46},"minecraft:picked_up":{"minecraft:iron_chestplate":1,"alexscaves:waste_drum":16,"alexscaves:radgill":3,"artifacts:umbrella":1,"alexscaves:cave_tablet":2,"alexscaves:unrefined_waste":7,"minecraft:potion":1,"minecraft:enchanted_book":1,"minecraft:stone_brick_stairs":3,"minecraft:brewing_stand":1,"minecraft:string":27,"alexscaves:rusty_barrel":5,"minecraft:cooked_salmon":2,"minecraft:iron_leggings":1,"alexscaves:acidic_radrock":2,"minecraft:cherry_boat":2,"minecraft:cobbled_deepslate":83,"minecraft:smooth_stone":1,"alexscaves:cinder_block":4,"minecraft:iron_pickaxe":2,"minecraft:coal_block":5,"minecraft:iron_boots":1,"minecraft:furnace":15,"minecraft:tipped_arrow":1,"minecraft:stick":2,"minecraft:big_dripleaf":2,"minecraft:oak_fence":1,"minecraft:torch":23,"minecraft:porkchop":21,"minecraft:cherry_log":71,"tombstone:grave_dust":6,"minecraft:rotten_flesh":31,"minecraft:tropical_fish":1,"minecraft:iron_bars":4,"minecraft:cobblestone":69,"minecraft:pink_petals":75,"minecraft:cooked_beef":35,"minecraft:cherry_planks":10,"minecraft:andesite":16,"minecraft:potato":16,"minecraft:tuff":6,"minecraft:dirt":380,"alexscaves:rusty_scrap_metal":1,"minecraft:glass":1,"minecraft:bone":20,"minecraft:bow":2,"minecraft:wheat_seeds":7,"alexscaves:toxic_paste":12,"minecraft:raw_gold":28,"minecraft:bamboo":3,"minecraft:cooked_porkchop":7,"minecraft:poisonous_potato":2,"alexscaves:uranium":81,"minecraft:sand":6,"minecraft:barrel":1,"minecraft:mossy_cobblestone":4,"alexscaves:radon_bottle":4,"artifacts:plastic_drinking_hat":1,"minecraft:bundle":1,"minecraft:diamond":54,"waystones:waystone":1,"minecraft:crafting_table":10,"minecraft:clay_ball":4,"alexscaves:cinder_brick":38,"minecraft:gold_block":1,"minecraft:orange_concrete":4,"minecraft:blackstone":3,"trials:tuff_bricks":1,"minecraft:beef":14,"minecraft:light_gray_wool":1,"minecraft:chest":1,"minecraft:phantom_membrane":1,"minecraft:raw_iron":159,"minecraft:redstone":13,"minecraft:tnt":2,"minecraft:arrow":15,"minecraft:hay_block":10,"alexscaves:spelunkery_table":1,"minecraft:pink_tulip":2,"minecraft:mutton":16,"minecraft:white_wool":11,"alexscaves:sulfur_dust":60,"minecraft:leather":8,"minecraft:oak_log":1,"minecraft:yellow_bed":1,"minecraft:gunpowder":6,"alexscaves:charred_remnant":7,"minecraft:paper":1,"tombstone:gift":1,"minecraft:cooked_mutton":16,"minecraft:stone_bricks":2,"minecraft:iron_ingot":17,"alexscaves:radrock":49,"alexscaves:green_soylent":4,"minecraft:glass_bottle":5,"minecraft:book":5,"minecraft:oak_slab":1,"minecraft:smooth_basalt":4,"minecraft:emerald_block":8,"alexscaves:fissile_core":3,"minecraft:dripstone_block":1,"minecraft:blast_furnace":2,"minecraft:white_bed":1,"minecraft:spruce_log":9,"alexscaves:hazmat_boots":1,"trials:polished_tuff":2,"minecraft:spruce_door":4,"alexscaves:uranium_rod":3,"alexscaves:spelunkie":11,"minecraft:iron_helmet":1,"minecraft:cherry_sapling":26,"tombstone:magic_scroll":2,"minecraft:coal":134},"minecraft:custom":{"minecraft:interact_with_crafting_table":44,"minecraft:open_barrel":36,"minecraft:leave_game":8,"minecraft:time_since_death":58999,"minecraft:sprint_one_cm":646819,"minecraft:damage_blocked_by_shield":45,"minecraft:drop":72,"minecraft:play_time":356318,"minecraft:deaths":5,"minecraft:jump":6638,"minecraft:interact_with_brewingstand":1,"minecraft:walk_on_water_one_cm":62027,"minecraft:interact_with_furnace":97,"minecraft:interact_with_loom":7,"minecraft:sleep_in_bed":2,"minecraft:waystone_activated":5,"minecraft:damage_dealt":18340,"minecraft:crouch_one_cm":28893,"tombstone:undead_killed":79,"minecraft:interact_with_smoker":6,"minecraft:mob_kills":152,"minecraft:damage_dealt_resisted":46,"minecraft:climb_one_cm":6548,"minecraft:walk_one_cm":609777,"minecraft:damage_dealt_absorbed":180,"minecraft:sneak_time":14614,"minecraft:walk_under_water_one_cm":60309,"minecraft:boat_one_cm":277288,"minecraft:interact_with_blast_furnace":9,"minecraft:total_world_time":356318,"tombstone:raider_killed":2,"minecraft:time_since_rest":9456,"minecraft:damage_taken":16133,"minecraft:trigger_trapped_chest":1,"minecraft:swim_one_cm":126650,"minecraft:fly_one_cm":3072194,"minecraft:open_chest":46,"minecraft:fall_one_cm":489015},"minecraft:broken":{"minecraft:iron_boots":1,"minecraft:iron_leggings":1,"alexscaves:hazmat_boots":1,"minecraft:iron_pickaxe":2,"minecraft:iron_helmet":2,"minecraft:golden_pickaxe":1},"minecraft:crafted":{"alexscaves:waste_drum":1,"minecraft:oak_planks":4,"minecraft:smooth_stone":11,"alexscaves:polymer_plate":20,"minecraft:cherry_wood":6,"minecraft:cherry_boat":2,"minecraft:stone":12,"minecraft:diamond_shovel":2,"minecraft:glass":5,"alexscaves:hazmat_mask":1,"minecraft:iron_boots":1,"minecraft:chest":5,"minecraft:smoker":1,"minecraft:glass_bottle":6,"sophisticatedbackpacks:backpack":1,"minecraft:cooked_porkchop":14,"minecraft:crafting_table":9,"minecraft:spruce_planks":40,"minecraft:iron_helmet":1,"minecraft:wooden_pickaxe":1,"minecraft:baked_potato":10,"minecraft:spruce_door":3,"alexscaves:raygun":1,"minecraft:shield":1,"minecraft:stick":36,"minecraft:iron_ingot":96,"minecraft:stone_sword":1,"minecraft:gold_ingot":54,"alexscaves:metal_barrel":1,"minecraft:cherry_planks":124,"minecraft:coal":36,"minecraft:furnace":7,"minecraft:blast_furnace":4,"minecraft:bone_meal":12,"alexscaves:cave_map":2,"minecraft:iron_hoe":1,"minecraft:stone_pickaxe":1,"minecraft:cooked_beef":8,"minecraft:diamond_sword":1,"alexscaves:hazmat_chestplate":1,"minecraft:bucket":6,"alexscaves:nuclear_furnace_component":8,"minecraft:air":0,"minecraft:iron_leggings":1,"minecraft:white_bed":1,"minecraft:torch":68},"minecraft:killed_by":{"minecraft:zombie":1,"minecraft:skeleton":1},"minecraft:dropped":{"alexscaves:sulfur_dust":2,"minecraft:glass_bottle":5,"minecraft:crafting_table":1,"alexscaves:uranium_rod":2,"minecraft:leather":1,"minecraft:dirt":137,"alexscaves:fissile_core":1,"minecraft:bone":7,"trials:tuff_bricks":1,"alexscaves:polymer_plate":3,"minecraft:cobbled_deepslate":2,"alexscaves:radrock":4,"tombstone:gift":1,"minecraft:cherry_sapling":26,"minecraft:rotten_flesh":4,"alexscaves:radon_bottle":3,"minecraft:tipped_arrow":1,"minecraft:gunpowder":2,"minecraft:splash_potion":1,"minecraft:iron_ingot":2,"minecraft:wheat_seeds":3,"minecraft:cherry_log":2,"minecraft:poisonous_potato":1,"alexscaves:hazmat_mask":1,"minecraft:spruce_door":3,"minecraft:tropical_fish":1,"minecraft:coal":1,"minecraft:stick":7,"minecraft:torch":8,"tombstone:grave_key":1,"minecraft:cherry_planks":1,"minecraft:potion":1,"alexscaves:toxic_paste":2,"minecraft:string":7,"minecraft:pink_petals":8,"minecraft:smooth_basalt":4,"minecraft:pink_tulip":1,"minecraft:furnace":1,"alexscaves:uranium":15,"minecraft:stone_sword":1,"minecraft:tuff":6,"minecraft:clay_ball":4,"minecraft:big_dripleaf":2,"alexscaves:radgill":2,"minecraft:spruce_planks":1,"trials:polished_tuff":2,"minecraft:iron_chestplate":1,"minecraft:stone_bricks":2,"minecraft:bamboo":3,"minecraft:bow":1}},"DataVersion":3465}